{"cameraMode":{"drawMode":0,"name":"Shaded","section":"Shading Mode"},"sceneLighting":true,"audioPlay":false,"sceneViewState":{"m_AlwaysRefresh":false,"showFog":true,"showSkybox":true,"showFlares":true,"showImageEffects":true,"showParticleSystems":true,"showVisualEffectGraphs":true,"m_FxEnabled":true},"in2DMode":false,"pivot":{"x":-0.3893590271472931,"y":5.551376819610596,"z":-12.722875595092774},"rotation":{"x":-0.3062291741371155,"y":-0.14996439218521119,"z":0.04891721531748772,"w":-0.9387997984886169},"size":0.3033875524997711,"orthographic":false}